,SPY,NDAQ,MU,BBY,PVH,KO,AEE,TDY,MO
57,240.509994506836,88.0,36.290000915527344,54.75,33.900001525878906,41.83000183105469,71.87999725341797,226.2400054931641,37.09999847412109
58,228.8000030517578,80.5,36.11000061035156,51.650001525878906,31.56999969482422,38.29999923706055,62.93000030517578,233.6600036621093,34.279998779296875
59,222.9499969482422,72.86000061035156,38.25,50.68999862670898,29.049999237060547,37.560001373291016,61.369998931884766,234.3999938964844,31.3799991607666
60,243.1499938964844,82.98999786376953,43.27000045776367,59.20000076293945,35.52000045776367,39.45000076293945,65.29000091552734,265.6199951171875,32.380001068115234
61,246.7899932861328,86.95999908447266,42.5,60.560001373291016,37.459999084472656,41.61000061035156,67.54000091552734,286.7900085449219,34.369998931884766
62,261.20001220703125,93.81999969482422,44.790000915527344,62.880001068115234,39.02999877929688,44.290000915527344,72.79000091552734,305.5299987792969,36.63999938964844
63,253.4199981689453,92.77999877929688,43.47999954223633,62.470001220703125,38.0,42.810001373291016,74.23999786376953,282.2300109863281,36.63999938964844
64,261.6499938964844,99.44000244140624,44.52000045776367,59.75,38.220001220703125,45.0,78.16999816894531,295.3800048828125,37.310001373291016
65,257.75,94.9499969482422,42.060001373291016,57.0,37.63999938964844,44.25,72.83000183105469,297.2699890136719,38.66999816894531
66,246.1499938964844,92.2699966430664,39.88999938964844,53.900001525878906,32.630001068115234,42.119998931884766,67.7300033569336,277.1099853515625,37.61000061035156
67,251.8300018310547,93.95999908447266,41.09000015258789,52.7599983215332,31.8700008392334,43.95000076293945,71.66999816894531,292.4700012207031,36.220001220703125
68,248.19000244140625,95.22000122070312,41.220001220703125,53.47999954223633,30.989999771118164,43.83000183105469,68.75,288.7300109863281,37.40999984741211
69,264.8599853515625,101.58999633789062,46.369998931884766,60.150001525878906,39.709999084472656,46.66999816894531,74.29000091552734,308.3900146484375,37.27999877929688
70,265.1300048828125,100.94000244140624,46.540000915527344,61.75,46.72999954223633,46.5099983215332,71.52999877929688,315.1199951171875,38.47999954223633
71,274.0299987792969,104.12999725341795,48.290000915527344,64.44999694824219,47.88999938964844,47.81999969482422,76.01000213623047,329.8099975585937,40.130001068115234
72,278.20001220703125,107.91999816894533,46.130001068115234,65.98999786376953,49.5099983215332,49.0,79.0,327.9200134277344,40.90999984741211
73,275.6600036621094,103.29000091552734,46.16999816894531,68.33999633789062,46.060001373291016,46.93000030517578,75.81999969482422,319.0799865722656,40.43999862670898
74,283.7900085449219,107.55999755859376,47.619998931884766,69.8499984741211,47.959999084472656,48.91999816894531,77.16999816894531,324.42999267578125,42.119998931884766
75,277.760009765625,106.0,46.43000030517578,64.76000213623047,42.33000183105469,47.61000061035156,75.5,313.25,40.90999984741211
76,279.1000061035156,108.30999755859376,45.52999877929688,64.9800033569336,40.040000915527344,47.09999847412109,77.26000213623047,305.7699890136719,40.400001525878906
77,286.6400146484375,111.23999786376952,45.70000076293945,70.4000015258789,44.880001068115234,48.060001373291016,77.83000183105469,318.0799865722656,40.84999847412109
78,281.5899963378906,109.77999877929688,43.400001525878906,69.79000091552734,40.880001068115234,46.52999877929688,73.23999786376953,317.69000244140625,39.06999969482422
79,273.0400085449219,105.2699966430664,41.40999984741211,67.80000305175781,39.33000183105469,45.380001068115234,74.0199966430664,304.79998779296875,37.7599983215332
80,279.1000061035156,104.62999725341795,43.90999984741211,68.9800033569336,39.18999862670898,45.68000030517578,76.77999877929688,311.1700134277344,37.810001373291016
81,279.0799865722656,103.8499984741211,43.77000045776367,69.5999984741211,39.70000076293945,45.06999969482422,74.19000244140625,314.54998779296875,38.45000076293945
82,282.9700012207031,105.62999725341795,44.15999984741211,71.87999725341797,41.36000061035156,45.43000030517578,73.63999938964844,316.0400085449219,39.41999816894531
83,287.04998779296875,111.62999725341795,45.27999877929688,74.56999969482422,47.63999938964844,46.77999877929688,73.41999816894531,319.94000244140625,39.75
84,285.7300109863281,111.20999908447266,45.310001373291016,77.58999633789062,50.619998931884766,46.7400016784668,74.25,325.8999938964844,40.709999084472656
85,293.2099914550781,111.5999984741211,49.83000183105469,80.05000305175781,53.95000076293945,47.119998931884766,74.62000274658203,338.6099853515625,40.470001220703125
86,290.4800109863281,109.66999816894533,47.88999938964844,76.7300033569336,49.22999954223633,45.88999938964844,72.75,325.6700134277344,39.25
87,282.7900085449219,106.62000274658205,45.060001373291016,72.26000213623047,44.66999816894531,45.59999847412109,71.44999694824219,319.8299865722656,37.90999984741211
88,283.57000732421875,106.12999725341795,44.459999084472656,74.36000061035156,44.43000030517578,45.13999938964844,71.44000244140625,317.95001220703125,38.0099983215332
89,286.19000244140625,108.83000183105467,45.40999984741211,74.75,44.27000045776367,45.400001525878906,72.1500015258789,319.1700134277344,36.79999923706055
90,284.25,105.62999725341795,46.08000183105469,73.98999786376953,42.5,44.75,69.83999633789062,316.8699951171875,35.72999954223633
91,287.67999267578125,107.33000183105467,46.59000015258789,76.25,42.93999862670898,44.59999847412109,69.6500015258789,320.239990234375,35.099998474121094
92,292.44000244140625,107.58999633789062,48.25,78.62999725341797,46.02000045776367,46.11000061035156,70.86000061035156,332.7200012207031,36.7400016784668
93,292.5,109.23999786376952,48.20000076293945,78.0199966430664,43.52999877929688,45.540000915527344,70.83000183105469,334.6499938964844,36.41999816894531
94,286.6700134277344,108.5,45.68999862670898,77.05000305175781,42.150001525878906,44.81999969482422,68.97000122070312,325.4200134277344,36.08000183105469
95,281.6000061035156,108.88999938964844,43.52999877929688,75.02999877929688,39.52000045776367,43.93999862670898,68.3499984741211,319.5199890136719,36.34999847412109
96,284.9700012207031,109.4800033569336,45.72999954223633,77.19000244140625,41.22999954223633,43.70000076293945,68.72000122070312,314.7300109863281,36.25
97,286.2799987792969,112.08000183105467,44.40999984741211,78.61000061035156,40.209999084472656,43.2599983215332,68.76000213623047,315.07000732421875,36.59000015258789
98,295.0,114.94000244140624,45.91999816894531,87.16000366210938,44.47999954223633,44.970001220703125,72.2300033569336,330.17999267578125,37.59999847412109
99,291.9700012207031,112.62999725341795,45.119998931884766,83.4800033569336,41.650001525878906,44.540000915527344,70.6500015258789,327.8299865722656,37.119998931884766
100,296.92999267578125,114.70999908447266,46.63999938964844,81.54000091552734,41.9900016784668,45.88999938964844,70.33000183105469,333.0,37.77000045776367
101,294.8800048828125,113.98999786376952,45.220001220703125,77.9800033569336,44.310001373291016,45.16999816894531,69.30000305175781,339.2200012207031,37.540000915527344
102,295.44000244140625,115.33999633789062,44.93999862670898,76.91999816894531,44.150001525878906,45.02999877929688,69.81999969482422,338.2900085449219,37.72999954223633
103,299.0799865722656,116.27999877929688,45.79999923706055,79.47000122070312,49.83000183105469,46.09000015258789,70.76000213623047,351.6700134277344,38.27999877929688
104,303.5299987792969,115.19000244140624,49.45000076293945,79.08000183105469,53.84999847412109,46.72999954223633,70.51000213623047,361.3800048828125,39.04999923706055
105,302.9700012207031,116.37000274658205,46.470001220703125,76.43000030517578,49.560001373291016,47.09000015258789,73.94000244140625,369.9299926757813,38.810001373291016
106,304.32000732421875,118.45999908447266,47.90999984741211,78.08999633789062,45.470001220703125,46.68000030517578,74.7300033569336,374.1199951171875,39.04999923706055
107,305.54998779296875,118.87999725341795,46.34000015258789,77.5,47.619998931884766,46.9900016784668,74.37000274658203,365.1400146484375,39.18000030517578
108,308.0799865722656,119.23999786376952,46.81999969482422,80.52999877929688,49.61000061035156,46.900001525878906,74.91000366210938,359.8999938964844,39.65999984741211
109,312.17999267578125,119.33999633789062,48.91999816894531,82.22000122070312,55.0099983215332,47.900001525878906,76.08000183105469,365.2200012207031,40.209999084472656
110,311.3599853515625,117.93000030517578,51.220001220703125,79.91999816894531,57.130001068115234,47.91999816894531,73.98999786376953,372.55999755859375,40.72999954223633
111,319.3399963378906,119.9000015258789,53.720001220703125,82.52999877929688,62.75,49.09000015258789,75.58000183105469,377.0,41.90999984741211
112,323.20001220703125,121.3000030517578,53.70000076293945,83.68000030517578,69.45999908447266,49.84999847412109,77.22000122070312,380.4400024414063,42.83000183105469
113,320.7900085449219,120.08999633789062,53.150001525878906,81.62000274658203,63.58000183105469,49.0,75.2699966430664,366.1600036621094,42.18000030517578
114,319.0,120.01000213623048,52.470001220703125,81.69999694824219,59.61000061035156,48.619998931884766,74.86000061035156,361.8999938964844,41.81999969482422
115,300.6099853515625,113.25,48.52000045776367,77.25,52.720001220703125,45.540000915527344,71.83999633789062,341.82000732421875,39.290000915527344
116,304.2099914550781,115.1500015258789,48.68999862670898,77.76000213623047,49.61000061035156,45.59999847412109,71.75,333.5400085449219,39.130001068115234
117,307.04998779296875,117.37000274658205,49.2400016784668,80.01000213623047,50.16999816894531,46.29999923706055,72.33999633789062,335.44000244140625,40.310001373291016
118,312.9599914550781,118.52999877929688,51.02000045776367,83.47000122070312,52.56999969482422,46.77000045776367,72.55000305175781,338.2900085449219,41.09000015258789
119,311.6600036621094,118.12999725341795,50.959999084472656,83.23999786376953,49.59000015258789,46.58000183105469,72.45999908447266,332.4100036621094,40.86000061035156
120,311.7799987792969,119.29000091552734,50.47999954223633,82.30000305175781,49.720001220703125,46.9900016784668,72.45999908447266,327.8099975585937,41.470001220703125
121,308.6400146484375,118.83000183105467,50.83000183105469,81.19999694824219,46.84999847412109,46.02000045776367,69.80000305175781,320.9700012207031,40.68999862670898
122,310.6199951171875,119.70999908447266,51.150001525878906,84.77999877929688,47.5,45.7400016784668,70.62000274658203,325.6499938964844,40.04999923706055
123,312.04998779296875,118.5999984741211,49.84000015258789,85.83999633789062,49.20000076293945,45.63999938964844,70.0,317.1400146484375,40.34000015258789
124,304.0899963378906,115.27999877929688,48.290000915527344,83.81999969482422,47.59999847412109,44.650001525878906,69.45999908447266,307.6499938964844,39.43000030517578
125,307.3500061035156,118.69000244140624,49.18999862670898,84.70999908447266,46.880001068115234,44.93000030517578,68.80999755859375,308.510009765625,39.65999984741211
126,300.04998779296875,115.81999969482422,48.4900016784668,84.80000305175781,44.65999984741211,43.56999969482422,68.9000015258789,299.17999267578125,38.18999862670898
127,304.4599914550781,117.5500030517578,49.150001525878906,86.33000183105469,48.66999816894531,44.36000061035156,69.7300033569336,304.7799987792969,39.22999954223633
128,308.3599853515625,119.47000122070312,51.52000045776367,87.2699966430664,48.04999923706055,44.68000030517578,70.36000061035156,310.95001220703125,39.25
129,310.5199890136719,120.76000213623048,49.70000076293945,87.3499984741211,46.68999862670898,44.81999969482422,72.48999786376953,304.19000244140625,39.2400016784668
130,312.2300109863281,120.05999755859376,49.83000183105469,87.44999694824219,47.459999084472656,44.880001068115234,73.2300033569336,298.45001220703125,39.400001525878906
131,317.04998779296875,121.08000183105467,50.91999816894531,87.69999694824219,46.5,45.22999954223633,73.33999633789062,304.7900085449219,39.59999847412109
132,313.7799987792969,120.47000122070312,49.09000015258789,85.58999633789062,44.619998931884766,45.209999084472656,73.33999633789062,296.95001220703125,39.93999862670898
133,316.17999267578125,121.6999969482422,49.709999084472656,87.18000030517578,45.11000061035156,45.06999969482422,73.94000244140625,302.19000244140625,39.869998931884766
134,314.3800048828125,120.8000030517578,49.97999954223633,84.94999694824219,42.5099983215332,43.90999984741211,73.6500015258789,290.8599853515625,38.59999847412109
135,317.5899963378906,122.87999725341795,50.70000076293945,84.9000015258789,44.369998931884766,45.150001525878906,74.54000091552734,296.3900146484375,40.27000045776367
136,314.8399963378906,123.0,49.459999084472656,85.5999984741211,45.38999938964844,45.25,75.55999755859375,295.69000244140625,40.209999084472656
137,318.9200134277344,124.8000030517578,49.709999084472656,86.88999938964844,46.5099983215332,45.869998931884766,76.56999969482422,303.2099914550781,41.060001373291016
138,321.8500061035156,126.83999633789062,50.5099983215332,88.41999816894531,50.77999877929688,46.400001525878906,75.93000030517578,321.8900146484375,41.0
139,320.7900085449219,127.02999877929688,50.09999847412109,88.3499984741211,51.2599983215332,46.150001525878906,76.79000091552734,322.95001220703125,41.47999954223633
140,321.7200012207031,128.44000244140625,49.470001220703125,87.95999908447266,49.22999954223633,46.81999969482422,78.73999786376953,326.3500061035156,41.540000915527344
141,324.32000732421875,131.3000030517578,51.209999084472656,88.37999725341797,47.34000015258789,46.119998931884766,77.79000091552734,324.9200134277344,40.869998931884766
142,325.010009765625,131.00999450683594,51.52000045776367,90.27999877929688,49.02000045776367,47.20000076293945,78.0,329.7200012207031,41.220001220703125
143,326.8599853515625,134.10000610351562,51.650001525878906,97.36000061035156,49.43999862670898,48.47999954223633,80.20999908447266,336.82000732421875,41.34000015258789
144,322.9599914550781,131.41000366210938,52.63999938964844,96.08000183105467,50.900001525878906,48.27999877929688,80.5199966430664,321.7900085449219,41.58000183105469
145,320.8800048828125,130.55999755859375,50.02000045776367,96.98999786376952,50.08000183105469,48.4900016784668,79.5199966430664,308.95001220703125,41.84999847412109
146,323.2200012207031,130.52999877929688,51.59000015258789,97.91999816894533,50.119998931884766,48.47999954223633,79.01000213623047,307.2900085449219,42.130001068115234
147,321.1700134277344,128.14999389648438,50.09000015258789,97.19000244140624,50.709999084472656,48.18000030517578,79.66999816894531,303.7900085449219,42.52000045776367
148,325.1199951171875,131.00999450683594,50.38999938964844,98.0999984741211,52.15999984741211,48.02000045776367,80.1500015258789,303.5599975585937,41.630001068115234
149,323.9599914550781,129.89999389648438,50.7400016784668,100.02999877929688,50.18000030517578,47.68999862670898,79.55000305175781,304.1199951171875,41.58000183105469
150,326.5199890136719,131.30999755859375,50.060001373291016,99.58999633789062,48.65999984741211,47.2400016784668,80.23999786376953,306.70001220703125,41.150001525878906
151,328.7900085449219,130.35000610351562,50.38999938964844,100.88999938964844,49.22999954223633,46.29999923706055,79.27999877929688,310.6199951171875,41.0099983215332
152,330.0599975585937,129.6999969482422,51.29999923706055,100.51000213623048,47.720001220703125,46.68999862670898,82.19000244140625,315.3500061035156,41.59999847412109
153,332.1099853515625,130.36000061035156,51.04999923706055,101.91000366210938,51.18000030517578,47.220001220703125,80.44999694824219,323.0,41.65999984741211
154,334.3299865722656,130.6999969482422,48.70000076293945,102.75,50.650001525878906,47.47999954223633,81.05999755859375,321.9200134277344,41.54999923706055
155,334.57000732421875,132.8699951171875,48.75,102.9000015258789,51.810001373291016,47.79999923706055,82.18000030517578,324.0599975585937,42.16999816894531
156,335.57000732421875,131.52999877929688,49.150001525878906,104.22000122070312,54.02999877929688,47.720001220703125,83.25,329.2699890136719,43.220001220703125
157,332.79998779296875,130.47000122070312,47.7599983215332,104.12000274658205,54.20000076293945,47.93000030517578,81.16000366210938,331.0199890136719,43.59999847412109
158,337.44000244140625,130.4199981689453,48.47999954223633,104.9800033569336,53.540000915527344,48.43000030517578,81.9800033569336,331.25,42.959999084472656
159,336.8299865722656,130.27999877929688,46.13999938964844,107.9000015258789,53.61000061035156,48.380001068115234,81.37000274658203,331.6000061035156,42.56999969482422
160,336.8399963378906,129.24000549316406,45.59999847412109,109.48999786376952,55.36000061035156,48.45000076293945,81.2699966430664,332.17999267578125,42.540000915527344
161,337.9100036621094,130.30999755859375,45.220001220703125,110.79000091552734,54.65999984741211,48.209999084472656,81.43000030517578,330.3800048828125,43.02999877929688
162,338.6400146484375,130.0500030517578,44.400001525878906,110.5199966430664,51.5,48.41999816894531,81.18000030517578,320.0899963378906,43.220001220703125
163,337.2300109863281,129.8699951171875,44.04999923706055,111.95999908447266,51.040000915527344,47.369998931884766,81.1500015258789,316.8800048828125,43.650001525878906
164,338.2799987792969,130.4600067138672,42.9900016784668,111.6999969482422,50.18000030517578,47.34999847412109,80.47000122070312,313.239990234375,43.5
165,339.4800109863281,129.9199981689453,42.65999984741211,114.0,50.130001068115234,47.27999877929688,80.72000122070312,309.79998779296875,43.459999084472656
166,342.9200134277344,131.5800018310547,43.7599983215332,117.37000274658205,53.65999984741211,47.970001220703125,81.25,316.32000732421875,44.040000915527344
167,344.1199951171875,130.10000610351562,45.09999847412109,112.63999938964844,54.15999984741211,47.90999984741211,79.5999984741211,318.6000061035156,43.52000045776367
168,347.57000732421875,132.5399932861328,44.959999084472656,112.30999755859376,53.02000045776367,48.15999984741211,78.44000244140625,320.760009765625,43.20000076293945
169,348.3299865722656,131.85000610351562,44.619998931884766,111.22000122070312,55.04999923706055,48.22999954223633,78.93000030517578,321.6400146484375,43.75
170,350.5799865722656,131.83999633789062,45.68999862670898,111.2300033569336,57.2400016784668,49.83000183105469,78.66000366210938,316.44000244140625,43.93000030517578
171,349.3099975585937,134.4199981689453,45.5099983215332,110.91000366210938,55.7599983215332,49.52999877929688,79.11000061035156,313.6099853515625,43.7400016784668
172,352.6000061035156,134.82000732421875,45.7599983215332,113.5,57.650001525878906,49.119998931884766,78.4800033569336,314.8900146484375,43.119998931884766
173,357.70001220703125,137.27999877929688,47.83000183105469,114.0199966430664,59.5099983215332,51.18999862670898,80.2300033569336,322.79998779296875,43.7599983215332
174,345.3900146484375,133.25999450683594,46.33000183105469,108.6999969482422,61.45000076293945,50.47999954223633,79.0999984741211,318.7300109863281,43.290000915527344
175,342.57000732421875,130.2899932861328,46.47999954223633,106.30999755859376,63.41999816894531,51.040000915527344,78.95999908447266,318.07000732421875,43.4900016784668
176,333.2099914550781,126.44000244140624,45.02999877929688,105.26000213623048,66.04000091552734,49.810001373291016,77.4000015258789,312.8900146484375,43.06999969482422
177,339.7900085449219,129.19000244140625,45.150001525878906,108.8499984741211,65.02999877929688,50.18999862670898,78.37999725341797,312.4700012207031,43.790000915527344
178,333.8900146484375,124.91000366210938,44.869998931884766,107.37999725341795,67.05000305175781,50.0,76.45999908447266,308.0,43.34999847412109
179,334.0599975585937,125.6999969482422,46.09000015258789,107.11000061035156,67.06999969482422,51.060001373291016,76.5999984741211,313.2099914550781,43.59000015258789
180,338.4599914550781,126.98999786376952,49.02999877929688,107.6999969482422,71.4000015258789,50.709999084472656,76.9800033569336,321.739990234375,43.0
181,340.1700134277344,128.16000366210938,49.04999923706055,107.95999908447266,70.93000030517578,51.04999923706055,77.5,319.5599975585937,42.77999877929688
182,338.82000732421875,127.3000030517578,50.209999084472656,107.08000183105467,72.08000183105469,50.790000915527344,77.94000244140625,321.8099975585937,41.7599983215332
183,335.8399963378906,124.44000244140624,50.97999954223633,105.62999725341795,70.51000213623047,50.54999923706055,77.62000274658203,324.6600036621094,40.86000061035156
184,330.6499938964844,122.4499969482422,50.7400016784668,105.58000183105467,68.4800033569336,50.45000076293945,76.86000061035156,325.07000732421875,39.84000015258789
185,326.9700012207031,122.0500030517578,49.150001525878906,105.97000122070312,64.68000030517578,49.09000015258789,76.62000274658203,312.5899963378906,38.81999969482422
186,330.29998779296875,123.31999969482422,49.70000076293945,107.62999725341795,64.36000061035156,49.65999984741211,77.05999755859375,316.82000732421875,38.54999923706055
187,322.6400146484375,119.7300033569336,49.84999847412109,106.48999786376952,62.08000183105469,48.209999084472656,75.61000061035156,309.1099853515625,37.93000030517578
188,323.5,121.3000030517578,49.470001220703125,104.7699966430664,61.880001068115234,48.70000076293945,76.69999694824219,309.4200134277344,38.33000183105469
189,328.7300109863281,124.02999877929688,49.13999938964844,105.97000122070312,61.5,48.720001220703125,78.20999908447266,311.9800109863281,38.27000045776367
190,334.19000244140625,125.37000274658205,49.720001220703125,108.44000244140624,61.88999938964844,49.27999877929688,78.41999816894531,315.3900146484375,38.95000076293945
191,332.3699951171875,121.37999725341795,50.709999084472656,110.08000183105467,58.68999862670898,48.91999816894531,79.0199966430664,311.94000244140625,38.36000061035156
192,334.8900146484375,122.70999908447266,46.959999084472656,111.29000091552734,59.63999938964844,49.369998931884766,79.08000183105469,310.2099914550781,38.63999938964844
193,337.0400085449219,123.91999816894533,47.91999816894531,114.08999633789062,60.59000015258789,49.18000030517578,79.86000061035156,307.75,38.91999816894531
194,333.8399963378906,123.54000091552734,46.54999923706055,112.41999816894533,62.119998931884766,49.36000061035156,79.80999755859375,309.8099975585937,38.970001220703125
195,339.760009765625,124.87000274658205,47.59999847412109,116.06999969482422,63.790000915527344,49.380001068115234,80.72000122070312,315.5199890136719,39.5
196,334.92999267578125,123.56999969482422,47.31999969482422,112.4499969482422,61.63999938964844,48.93999862670898,81.30000305175781,314.8699951171875,39.59999847412109
197,340.760009765625,122.9800033569336,48.40999984741211,114.48999786376952,64.44000244140625,49.560001373291016,80.69000244140625,317.8699951171875,40.52999877929688
198,343.7799987792969,124.5999984741211,49.900001525878906,114.91999816894533,67.61000061035156,50.459999084472656,81.7300033569336,325.5,40.380001068115234
199,346.8500061035156,125.05999755859376,49.88999938964844,116.58999633789062,66.12999725341797,50.810001373291016,82.05000305175781,325.1400146484375,40.68999862670898
200,352.42999267578125,126.37999725341795,50.68000030517578,118.33000183105467,65.58999633789062,51.09000015258789,82.54000091552734,327.5299987792969,40.45000076293945
201,350.1300048828125,126.37999725341795,51.84999847412109,118.20999908447266,62.540000915527344,50.220001220703125,81.1500015258789,320.0199890136719,39.380001068115234
202,347.92999267578125,127.6500015258789,51.630001068115234,118.44000244140624,62.209999084472656,50.119998931884766,81.3499984741211,322.9599914550781,39.54999923706055
203,347.5,128.41000366210938,51.93999862670898,120.55999755859376,63.86000061035156,49.9900016784668,81.1500015258789,327.6700134277344,39.70000076293945
204,347.2900085449219,128.8699951171875,51.61000061035156,119.3499984741211,62.15999984741211,50.02999877929688,82.38999938964844,333.20001220703125,39.52999877929688
205,342.010009765625,127.4800033569336,52.630001068115234,120.83000183105467,62.04999923706055,49.619998931884766,81.63999938964844,334.29998779296875,39.18000030517578
206,343.3800048828125,128.99000549316406,53.52999877929688,120.88999938964844,61.59000015258789,50.25,82.13999938964844,339.4599914550781,38.70000076293945
207,342.7300109863281,132.3699951171875,53.310001373291016,118.69000244140624,61.41999816894531,49.9900016784668,82.29000091552734,328.6000061035156,38.5099983215332
208,344.6099853515625,130.08999633789062,54.380001068115234,117.45999908447266,64.9800033569336,50.68000030517578,83.02999877929688,336.8399963378906,38.9900016784668
209,345.7799987792969,129.1199951171875,52.84999847412109,118.20999908447266,64.94000244140625,50.52000045776367,83.38999938964844,340.4599914550781,39.08000183105469
210,339.3900146484375,127.37999725341795,52.13999938964844,114.36000061035156,62.27999877929688,49.79999923706055,84.05999755859375,326.69000244140625,38.56999969482422
211,338.2200012207031,125.0999984741211,51.959999084472656,113.58000183105467,60.9900016784668,49.900001525878906,84.19000244140625,315.6700134277344,37.16999816894531
212,326.6600036621094,121.7300033569336,50.0,111.11000061035156,58.5099983215332,47.959999084472656,81.37000274658203,306.95001220703125,36.720001220703125
213,329.9800109863281,122.01000213623048,50.47999954223633,112.27999877929688,61.119998931884766,48.02000045776367,81.33999633789062,309.3599853515625,36.869998931884766
214,326.5400085449219,120.98999786376952,50.34000015258789,111.5500030517578,58.290000915527344,48.060001373291016,81.12000274658203,309.1499938964844,36.08000183105469
215,330.20001220703125,123.18000030517578,49.709999084472656,115.72000122070312,59.77000045776367,48.619998931884766,83.20999908447266,313.3800048828125,36.47999954223633
216,336.0299987792969,124.91000366210938,51.08000183105469,118.81999969482422,63.20000076293945,49.34999847412109,84.31999969482422,326.9800109863281,37.38999938964844
217,343.5400085449219,129.3000030517578,51.959999084472656,119.86000061035156,61.08000183105469,49.16999816894531,83.44999694824219,331.82000732421875,38.08000183105469
218,350.239990234375,133.2100067138672,54.58000183105469,123.05999755859376,62.43999862670898,49.43999862670898,82.47000122070312,336.2099914550781,37.310001373291016
219,350.1600036621094,133.1999969482422,55.15999984741211,123.05999755859376,59.09999847412109,49.45000076293945,81.8499984741211,336.8299865722656,37.27000045776367
220,354.5599975585937,129.67999267578125,55.959999084472656,111.0,70.83999633789062,52.56999969482422,83.04000091552734,364.1199951171875,38.16999816894531
221,354.0400085449219,127.12999725341795,55.40999984741211,112.62999725341795,71.9000015258789,53.97999954223633,82.45999908447266,369.7200012207031,39.59000015258789
222,356.6700134277344,129.7899932861328,56.36000061035156,114.55999755859376,67.63999938964844,53.58000183105469,82.37000274658203,367.25,39.7599983215332
223,353.2099914550781,126.8499984741211,56.25,114.0,65.37000274658203,53.0099983215332,81.33999633789062,366.7900085449219,39.5
224,358.1000061035156,125.81999969482422,57.93000030517578,114.3000030517578,70.08999633789062,53.45000076293945,82.12000274658203,379.30999755859375,40.33000183105469
225,362.5700073242188,125.52999877929688,61.86000061035156,118.6500015258789,75.5199966430664,53.84999847412109,84.33000183105469,390.8800048828125,41.47999954223633
226,360.6199951171875,124.33000183105467,61.9900016784668,119.0199966430664,78.94000244140625,53.68000030517578,80.5999984741211,394.1700134277344,41.18999862670898
227,356.2799987792969,122.7300033569336,60.7400016784668,117.7699966430664,78.66999816894531,52.61000061035156,79.05999755859375,391.8699951171875,40.16999816894531
228,357.7799987792969,124.76000213623048,61.83000183105469,118.83000183105467,78.77999877929688,53.130001068115234,78.3499984741211,390.8200073242188,40.060001373291016
229,355.3299865722656,126.33000183105467,61.400001525878906,119.13999938964844,76.76000213623047,52.66999816894531,78.44999694824219,382.0199890136719,39.93999862670898
230,357.4599914550781,126.01000213623048,64.18000030517578,122.04000091552734,81.0999984741211,52.68000030517578,79.30000305175781,383.8599853515625,40.20000076293945
231,363.2200012207031,127.2699966430664,63.95000076293945,113.54000091552734,86.37999725341797,53.220001220703125,79.06999969482422,392.3299865722656,41.0
232,362.6600036621094,127.33000183105467,63.43000030517578,113.9000015258789,84.72000122070312,52.93000030517578,80.58000183105469,388.1600036621094,40.380001068115234
233,363.6700134277344,127.12000274658205,64.2300033569336,112.62999725341795,83.87000274658203,52.70000076293945,78.98999786376953,386.239990234375,40.369998931884766
234,362.05999755859375,127.98999786376952,64.08999633789062,108.8000030517578,79.48999786376953,51.59999847412109,77.77999877929688,377.9400024414063,39.83000183105469
235,366.0199890136719,129.91000366210938,67.08000183105469,108.86000061035156,81.80000305175781,52.040000915527344,78.51000213623047,381.6499938964844,40.4900016784668
236,366.7900085449219,129.36000061035156,69.11000061035156,107.47000122070312,83.29000091552734,52.11000061035156,78.48999786376953,385.8200073242188,40.02000045776367
237,366.6900024414063,124.9000015258789,69.9000015258789,106.54000091552734,88.13999938964844,52.77999877929688,77.91000366210938,383.6300048828125,40.41999816894531
238,369.8500061035156,125.3000030517578,73.33999633789062,105.56999969482422,91.52999877929688,53.84999847412109,77.08000183105469,392.7900085449219,41.369998931884766
239,369.0899963378906,128.55999755859375,72.61000061035156,102.7300033569336,92.26000213623048,52.9900016784668,78.19999694824219,390.739990234375,41.68999862670898
240,370.1700134277344,128.64999389648438,73.19000244140625,102.98999786376952,91.68000030517578,53.18000030517578,77.26000213623047,395.3599853515625,42.22999954223633
241,366.8500061035156,126.0999984741211,71.41000366210938,104.76000213623048,93.66000366210938,53.33000183105469,77.80000305175781,394.7000122070313,42.97999954223633
242,366.7300109863281,124.98999786376952,71.27999877929688,103.02999877929688,94.63999938964844,53.04999923706055,77.33999633789062,391.7900085449219,42.95000076293945
243,366.2999877929688,125.66999816894533,70.52999877929688,100.5999984741211,94.33000183105467,53.34999847412109,77.47000122070312,387.510009765625,43.0
244,364.6600036621094,124.04000091552734,71.54000091552734,101.27999877929688,93.5999984741211,53.27000045776367,77.23999786376953,380.8999938964844,42.900001525878906
245,369.5899963378906,127.29000091552734,73.1500015258789,102.98999786376952,95.52999877929688,53.84000015258789,78.7300033569336,387.3800048828125,42.18000030517578
246,370.1700134277344,127.0999984741211,72.98999786376953,103.5,94.36000061035156,53.060001373291016,78.0,379.80999755859375,43.09999847412109
247,372.239990234375,128.5,72.26000213623047,102.33999633789062,96.4000015258789,53.27000045776367,78.73999786376953,380.9299926757813,43.0
248,369.1799926757813,128.60000610351562,71.45999908447266,101.9499969482422,95.26000213623048,53.7400016784668,78.86000061035156,380.4700012207031,43.77999877929688
249,367.8599853515625,128.0500030517578,71.47000122070312,103.3000030517578,94.63999938964844,52.810001373291016,77.08000183105469,378.3500061035156,42.93999862670898
250,367.239990234375,129.89999389648438,70.44000244140625,104.12999725341795,91.68000030517578,52.7599983215332,76.55000305175781,378.8299865722656,42.54999923706055
251,367.5700073242188,127.9499969482422,69.94999694824219,102.33999633789062,94.58000183105467,53.08000183105469,75.72000122070312,385.7999877929688,42.869998931884766
252,369.0,128.6199951171875,70.58000183105469,102.5500030517578,93.81999969482422,53.43999862670898,76.47000122070312,383.4800109863281,41.720001220703125
253,372.1700134277344,128.85000610351562,70.66000366210938,102.58000183105467,94.91000366210938,54.15999984741211,76.75,386.7999877929688,41.47999954223633
254,371.4599914550781,129.13999938964844,70.20999908447266,100.76000213623048,93.44000244140624,54.130001068115234,76.56999969482422,384.9100036621094,40.72999954223633
255,371.989990234375,130.13999938964844,71.91999816894531,101.37999725341795,95.5199966430664,54.43999862670898,76.97000122070312,391.1000061035156,40.7400016784668
256,373.8800048828125,132.74000549316406,75.18000030517578,99.79000091552734,93.88999938964844,54.84000015258789,78.05999755859375,391.9800109863281,41.0
257,368.7900085449219,132.00999450683594,74.05000305175781,100.48999786376952,96.5,52.7599983215332,76.12999725341797,362.3900146484375,40.84000015258789
258,371.3299865722656,131.97000122070312,77.26000213623047,101.0,96.62000274658205,52.18000030517578,75.76000213623047,375.489990234375,40.7599983215332
259,373.5499877929688,135.39999389648438,77.11000061035156,105.91000366210938,102.7699966430664,50.52000045776367,76.38999938964844,368.8900146484375,41.41999816894531
260,379.1000061035156,136.8000030517578,79.11000061035156,107.70999908447266,105.5,49.959999084472656,74.23999786376953,356.1700134277344,41.77999877929688
261,381.260009765625,138.80999755859375,77.41999816894531,107.56999969482422,103.97000122070312,51.08000183105469,75.0,368.3299865722656,41.59000015258789
262,378.6900024414063,140.89999389648438,78.66999816894531,110.77999877929688,104.58000183105467,50.20000076293945,75.04000091552734,372.1900024414063,41.34999847412109
263,378.7699890136719,141.9199981689453,79.45999908447266,114.70999908447266,108.79000091552734,50.11000061035156,74.23999786376953,382.510009765625,40.93000030517578
264,379.7900085449219,142.49000549316406,79.91000366210938,113.22000122070312,104.83999633789062,50.15999984741211,75.5,386.9599914550781,41.09000015258789
265,378.4599914550781,142.1300048828125,81.30000305175781,113.91999816894533,101.2300033569336,49.22999954223633,73.98999786376953,388.1199951171875,41.11000061035156
266,375.7000122070313,140.0399932861328,80.72000122070312,114.0,100.27999877929688,48.70000076293945,74.38999938964844,382.5899963378906,41.20000076293945
267,378.6499938964844,142.25999450683594,85.5,111.62000274658205,97.31999969482422,48.5099983215332,72.98999786376953,387.2200012207031,41.22999954223633
268,383.8900146484375,143.6699981689453,83.5,112.2300033569336,99.2300033569336,48.68000030517578,72.54000091552734,387.75,42.09999847412109
269,384.239990234375,141.39999389648438,85.01000213623047,114.5,99.37999725341795,48.95000076293945,71.73999786376953,387.6799926757813,41.93999862670898
270,382.8800048828125,140.4199981689453,82.27999877929688,114.93000030517578,97.79000091552734,48.4900016784668,72.87999725341797,389.1700134277344,41.83000183105469
271,384.3900146484375,142.3000030517578,81.27999877929688,113.73999786376952,95.8499984741211,48.77999877929688,75.08000183105469,385.9500122070313,41.959999084472656
272,383.7900085449219,141.1300048828125,79.51000213623047,114.6999969482422,91.5199966430664,49.290000915527344,75.20999908447266,383.6799926757813,42.22999954223633
273,374.4100036621094,141.1999969482422,75.08999633789062,113.56999969482422,85.11000061035156,48.52999877929688,75.08999633789062,387.6199951171875,41.81999969482422
274,377.6300048828125,139.02999877929688,78.38999938964844,112.30999755859376,88.72000122070312,49.150001525878906,73.91000366210938,367.9500122070313,42.650001525878906
275,370.0700073242188,135.27000427246094,78.2699966430664,108.81999969482422,85.26000213623047,48.150001525878906,72.72000122070312,357.010009765625,41.08000183105469
276,376.2300109863281,138.61000061035156,80.43000030517578,107.69000244140624,82.44999694824219,48.47999954223633,72.83999633789062,373.4599914550781,40.77000045776367
277,381.5499877929688,142.61000061035156,81.62000274658203,108.77999877929688,85.61000061035156,48.959999084472656,72.7699966430664,383.7699890136719,41.56999969482422
278,381.8500061035156,142.16000366210938,79.11000061035156,110.31999969482422,87.5999984741211,48.77000045776367,72.73999786376953,378.5299987792969,42.0
279,386.1900024414063,143.57000732421875,81.25,113.83999633789062,92.61000061035156,49.0099983215332,73.93000030517578,387.4400024414063,42.52999877929688
280,387.7099914550781,142.58999633789062,81.0999984741211,114.52999877929688,95.19000244140624,49.650001525878906,74.19999694824219,385.1600036621094,42.470001220703125
281,390.510009765625,142.4499969482422,84.01000213623047,117.9000015258789,95.23999786376952,49.91999816894531,72.58999633789062,387.05999755859375,42.970001220703125
282,390.25,143.1300048828125,83.31999969482422,118.45999908447266,93.79000091552734,49.70000076293945,73.26000213623047,389.6499938964844,43.36000061035156
283,390.0799865722656,142.47000122070312,82.3499984741211,118.80999755859376,95.86000061035156,49.59999847412109,73.44000244140625,388.30999755859375,43.54999923706055
284,390.7099914550781,142.3699951171875,86.4800033569336,119.58999633789062,97.72000122070312,50.29999923706055,72.55999755859375,388.9599914550781,43.310001373291016
285,392.6400146484375,141.99000549316406,88.01000213623047,120.51000213623048,96.1500015258789,50.68999862670898,73.27999877929688,387.9100036621094,43.400001525878906
286,392.2999877929688,143.99000549316406,87.73999786376953,120.75,97.58000183105467,50.27000045776367,72.66000366210938,390.3699951171875,43.40999984741211
287,392.3900146484375,144.69000244140625,86.05000305175781,118.33999633789062,93.4499969482422,50.130001068115234,73.30000305175781,403.239990234375,43.59999847412109
288,390.7200012207031,144.8800048828125,88.54000091552734,116.76000213623048,91.08999633789062,50.77000045776367,74.08999633789062,408.510009765625,43.630001068115234
289,390.0299987792969,144.42999267578125,90.95999908447266,118.0,93.9800033569336,50.11000061035156,72.33000183105469,405.9100036621094,43.79999923706055
290,387.0299987792969,141.6199951171875,86.27999877929688,116.7300033569336,97.4800033569336,50.630001068115234,71.0,398.1099853515625,44.41999816894531
291,387.5,140.33999633789062,88.2300033569336,115.5,97.05999755859376,50.540000915527344,71.86000061035156,380.9100036621094,44.290000915527344
292,391.7699890136719,141.99000549316406,92.5199966430664,113.45999908447266,102.29000091552734,50.709999084472656,71.4000015258789,390.8200073242188,45.0
293,382.3299865722656,140.32000732421875,88.12000274658203,102.94000244140624,99.91999816894533,50.16999816894531,71.41000366210938,378.0499877929688,44.630001068115234
294,380.3599853515625,138.2899932861328,91.52999877929688,100.3499984741211,99.95999908447266,48.9900016784668,70.2699966430664,371.0,43.59999847412109
295,389.5799865722656,141.8699951171875,94.76000213623048,101.69000244140624,100.20999908447266,49.900001525878906,71.48999786376953,380.2900085449219,44.540000915527344
296,386.5400085449219,140.63999938964844,91.08999633789062,102.5199966430664,102.11000061035156,50.09999847412109,71.91000366210938,374.80999755859375,44.720001220703125
297,381.4200134277344,136.7100067138672,89.11000061035156,100.37000274658205,104.25,49.97999954223633,71.12999725341797,370.6300048828125,45.04999923706055
298,376.7000122070313,138.0,84.33000183105469,98.23999786376952,99.5500030517578,49.93999862670898,71.18000030517578,367.6600036621094,44.2599983215332
299,383.6300048828125,144.6999969482422,88.93000030517578,102.8499984741211,104.38999938964844,50.790000915527344,72.86000061035156,387.1499938964844,45.119998931884766
300,381.7200012207031,144.99000549316406,85.05000305175781,106.56999969482422,106.75,51.63999938964844,74.19000244140625,390.1300048828125,46.900001525878906
301,387.1700134277344,146.64999389648438,89.30000305175781,105.81999969482422,104.12999725341795,50.86000061035156,74.72000122070312,383.8900146484375,47.68000030517578
302,389.5799865722656,144.5500030517578,85.41000366210938,108.1500015258789,105.36000061035156,51.43999862670898,76.19000244140625,390.1900024414063,48.20000076293945
303,393.5299987792969,144.10000610351562,89.30999755859375,108.58000183105467,104.9800033569336,50.880001068115234,76.06999969482422,390.8599853515625,47.79999923706055
304,394.05999755859375,144.4199981689453,87.7699966430664,110.98999786376952,107.3000030517578,50.36000061035156,77.30000305175781,395.0400085449219,48.650001525878906
305,396.4100036621094,145.99000549316406,88.8499984741211,113.91999816894533,108.44000244140624,51.02999877929688,78.81999969482422,399.1400146484375,49.84000015258789
306,395.9100036621094,145.47000122070312,91.43000030517578,113.4499969482422,106.0,51.220001220703125,78.48999786376953,391.489990234375,49.43999862670898
307,397.260009765625,144.02000427246094,94.76000213623048,112.25,105.0,51.2400016784668,78.11000061035156,392.760009765625,49.77999877929688
308,391.4800109863281,144.94000244140625,89.81999969482422,113.37999725341795,105.4000015258789,50.56999969482422,78.54000091552734,393.3500061035156,50.56999969482422
309,389.4800109863281,145.74000549316406,90.51000213623048,118.19000244140624,105.77999877929688,50.810001373291016,78.80000305175781,386.3900146484375,50.54999923706055
310,392.5899963378906,147.1199951171875,91.27999877929688,120.95999908447266,103.47000122070312,51.0,77.97000122070312,394.2000122070313,51.63999938964844
311,389.5,147.57000732421875,85.4000015258789,118.80999755859376,94.94000244140624,51.38999938964844,79.9800033569336,389.7000122070313,50.5099983215332
312,387.5199890136719,147.3300018310547,83.0,114.31999969482422,95.69000244140624,51.52000045776367,80.98999786376953,388.1000061035156,49.5099983215332
313,389.7000122070313,146.57000732421875,84.08999633789062,116.18000030517578,98.25,52.02000045776367,81.58999633789062,398.7200012207031,50.18999862670898
314,395.9800109863281,150.72000122070312,87.98999786376953,119.26000213623048,101.9000015258789,53.040000915527344,81.45999908447266,400.7799987792969,52.5
315,395.7799987792969,150.83999633789062,86.58999633789062,114.8000030517578,97.95999908447266,53.84999847412109,82.66999816894531,406.1199951171875,52.29999923706055
316,394.7300109863281,147.4499969482422,86.54000091552734,115.72000122070312,100.12000274658205,53.150001525878906,81.33000183105469,404.4100036621094,51.2599983215332
317,396.3299865722656,147.4600067138672,88.20999908447266,114.80999755859376,105.6999969482422,52.709999084472656,81.36000061035156,413.6499938964844,51.15999984741211
318,400.6099853515625,150.85000610351562,92.41000366210938,115.76000213623048,100.9800033569336,52.5099983215332,81.02999877929688,417.4299926757813,51.0
319,406.3599853515625,152.10000610351562,93.75,117.98999786376952,104.3000030517578,52.810001373291016,81.48999786376953,420.9400024414063,51.31999969482422
320,406.1199951171875,152.66000366210938,93.48999786376952,120.73999786376952,104.08000183105467,53.18999862670898,81.5,419.5,51.380001068115234
321,406.5899963378906,150.77999877929688,93.95999908447266,120.58999633789062,102.9499969482422,53.27999877929688,81.30000305175781,415.05999755859375,51.130001068115234
322,408.5199890136719,153.52000427246094,95.29000091552734,119.62000274658205,104.55999755859376,53.119998931884766,81.11000061035156,419.1000061035156,51.47999954223633
323,411.489990234375,156.10000610351562,95.3000030517578,122.4800033569336,110.5,53.18000030517578,80.52999877929688,419.7200012207031,51.4900016784668
324,411.6400146484375,156.08999633789062,95.58999633789062,121.55999755859376,113.0999984741211,53.34999847412109,80.72000122070312,427.4599914550781,51.75
325,412.8599853515625,157.92999267578125,92.1500015258789,120.81999969482422,108.29000091552734,53.09000015258789,82.27999877929688,423.9100036621094,51.16999816894531
326,411.4500122070313,157.44000244140625,90.66999816894533,120.16999816894533,107.73999786376952,53.08000183105469,82.62000274658203,423.510009765625,51.34999847412109
327,415.8699951171875,160.0500030517578,90.2699966430664,119.3000030517578,107.19000244140624,53.33000183105469,83.58000183105469,426.80999755859375,51.61000061035156
328,417.260009765625,160.1699981689453,90.66000366210938,119.87000274658205,106.16999816894533,53.68000030517578,84.23999786376953,429.25,52.310001373291016
329,415.2099914550781,158.6300048828125,88.41000366210938,118.83999633789062,103.93000030517578,54.0,83.79000091552734,429.2000122070313,49.08000183105469
330,412.1700134277344,159.67999267578125,87.4800033569336,118.4499969482422,101.9000015258789,54.16999816894531,85.88999938964844,425.6400146484375,47.18999862670898
331,416.0700073242188,159.32000732421875,89.48999786376953,118.97000122070312,107.5500030517578,54.61000061035156,85.08000183105469,436.010009765625,47.58000183105469
332,412.2699890136719,159.72000122070312,84.70999908447266,118.04000091552734,107.01000213623048,54.43999862670898,84.80999755859375,437.6499938964844,46.5
333,416.739990234375,162.47000122070312,86.02999877929688,117.73999786376952,109.44000244140624,54.470001220703125,84.77999877929688,443.4599914550781,47.38999938964844
334,417.6099853515625,160.02999877929688,87.83999633789062,117.0199966430664,108.48999786376952,53.65999984741211,84.19999694824219,440.4200134277344,47.220001220703125
335,417.5199890136719,160.8000030517578,89.45999908447266,118.3499984741211,111.44000244140624,53.58000183105469,83.44999694824219,442.9100036621094,47.15999984741211
336,417.3999938964844,159.64999389648438,86.02999877929688,117.19000244140624,113.5,53.59000015258789,83.6500015258789,450.2699890136719,47.18000030517578
337,420.05999755859375,161.88999938964844,88.05999755859375,118.29000091552734,114.0500030517578,54.2599983215332,84.13999938964844,452.2200012207031,46.59999847412109
338,417.2999877929688,161.5399932861328,86.06999969482422,116.2699966430664,113.18000030517578,53.97999954223633,84.83999633789062,447.75,47.75
339,418.2000122070313,162.49000549316406,85.0199966430664,117.47000122070312,116.63999938964844,54.47999954223633,85.16000366210938,442.1600036621094,48.369998931884766
340,415.6199951171875,163.5399932861328,84.41000366210938,117.7300033569336,116.23999786376952,54.13999938964844,85.19000244140625,432.30999755859375,47.84999847412109
341,415.75,163.5500030517578,85.1500015258789,116.37999725341795,117.38999938964844,54.0,84.3499984741211,429.2799987792969,48.34999847412109
342,419.0700073242188,163.5800018310547,84.80000305175781,120.04000091552734,115.77999877929688,54.540000915527344,85.1500015258789,433.8699951171875,49.4900016784668
343,422.1199951171875,164.55999755859375,85.9800033569336,122.33999633789062,118.66999816894533,54.5099983215332,84.9800033569336,435.989990234375,49.95000076293945
344,417.9400024414063,163.52999877929688,80.8499984741211,125.79000091552734,115.01000213623048,54.90999984741211,85.83999633789062,431.9800109863281,50.68000030517578
345,414.2099914550781,159.72999572753906,80.68000030517578,121.66999816894533,111.79000091552734,54.31999969482422,83.38999938964844,423.6099853515625,50.43000030517578
346,405.4100036621094,158.36000061035156,76.80000305175781,116.1500015258789,105.9499969482422,54.040000915527344,82.43000030517578,412.4200134277344,49.34999847412109
347,410.2799987792969,160.89999389648438,77.19000244140625,119.0,107.63999938964844,54.5099983215332,83.51000213623047,409.4100036621094,50.119998931884766
348,416.5799865722656,164.36000061035156,79.69999694824219,120.38999938964844,113.36000061035156,54.72999954223633,83.69999694824219,425.8399963378906,50.27999877929688
349,415.5199890136719,163.75,80.38999938964844,120.11000061035156,116.4800033569336,54.63999938964844,83.4000015258789,416.2900085449219,50.209999084472656
350,411.9400024414063,161.94000244140625,78.87999725341797,116.91999816894533,116.66999816894533,54.34000015258789,83.93000030517578,409.4299926757813,49.9900016784668
351,410.8599853515625,160.94000244140625,79.93000030517578,113.69000244140624,112.66000366210938,54.16999816894531,84.20999908447266,402.5799865722656,49.43999862670898
352,415.2799987792969,163.4600067138672,81.12999725341797,114.5199966430664,110.02999877929688,54.650001525878906,84.5,406.4400024414063,50.02999877929688
353,414.9400024414063,163.8699951171875,80.72000122070312,114.93000030517578,109.25,54.619998931884766,85.11000061035156,406.239990234375,50.0
354,419.1700134277344,164.9199981689453,82.9000015258789,114.6999969482422,110.11000061035156,54.79999923706055,84.66000366210938,410.6700134277344,50.31999969482422
355,418.239990234375,164.30999755859375,81.2300033569336,114.41999816894533,110.26000213623048,54.790000915527344,83.72000122070312,409.8599853515625,49.61000061035156
356,419.0700073242188,165.4499969482422,82.23999786376953,116.95999908447266,114.37000274658205,55.02999877929688,83.94000244140625,409.3699951171875,49.41999816894531
357,419.2900085449219,165.97999572753906,83.93000030517578,118.13999938964844,116.62999725341795,55.4900016784668,83.66999816894531,417.3399963378906,49.20000076293945
358,420.0400085449219,167.4600067138672,84.13999938964844,116.23999786376952,114.81999969482422,55.290000915527344,84.19999694824219,419.4700012207031,49.220001220703125
359,419.6700134277344,164.4499969482422,84.1500015258789,114.9000015258789,114.11000061035156,55.27999877929688,84.18000030517578,429.0700073242188,49.36000061035156
360,420.3299865722656,166.83999633789062,84.33999633789062,118.3499984741211,109.41000366210938,55.5,85.22000122070312,423.4200134277344,49.5099983215332
361,418.7699890136719,168.05999755859375,82.02999877929688,115.55999755859376,110.58999633789062,55.63999938964844,85.55999755859375,421.3599853515625,49.77999877929688
362,422.6000061035156,170.22999572753906,83.76000213623047,115.98999786376952,110.04000091552734,56.2400016784668,86.12999725341797,422.1600036621094,49.77000045776367
363,422.1900024414063,168.89999389648438,84.04000091552734,117.0999984741211,110.66000366210938,56.040000915527344,86.12999725341797,416.9700012207031,50.4900016784668
364,422.2799987792969,168.9600067138672,80.52999877929688,118.22000122070312,112.91999816894533,55.650001525878906,84.75,422.6300048828125,49.880001068115234
365,421.6499938964844,169.1199951171875,78.66000366210938,114.98999786376952,110.8499984741211,55.47999954223633,85.36000061035156,418.7699890136719,49.900001525878906
366,423.6099853515625,168.36000061035156,79.27999877929688,112.54000091552734,108.72000122070312,55.90999984741211,85.8499984741211,421.5199890136719,50.13999938964844
367,424.30999755859375,172.9499969482422,79.33999633789062,114.4499969482422,113.04000091552734,56.15999984741211,85.79000091552734,424.0799865722656,49.7599983215332
368,425.260009765625,175.16000366210938,80.48999786376953,114.02999877929688,108.9800033569336,55.54999923706055,85.83999633789062,424.80999755859375,48.08000183105469
369,424.4800109863281,176.2899932861328,82.18000030517578,113.26000213623048,108.9800033569336,55.40999984741211,86.13999938964844,426.6499938964844,47.900001525878906
370,422.1099853515625,177.35000610351562,80.48999786376953,109.9000015258789,108.58000183105467,54.66999816894531,83.91000366210938,429.4800109863281,47.369998931884766
371,421.9700012207031,179.7899932861328,80.63999938964844,109.5,105.23999786376952,54.95000076293945,84.48999786376953,425.989990234375,46.869998931884766
372,414.9200134277344,175.8000030517578,76.94999694824219,107.62999725341795,101.70999908447266,53.77000045776367,82.11000061035156,422.8599853515625,46.310001373291016
373,420.8599853515625,178.77999877929688,77.06999969482422,108.68000030517578,103.87999725341795,54.36000061035156,83.38999938964844,433.5,47.290000915527344
374,423.1099853515625,178.6999969482422,77.66000366210938,111.04000091552734,104.7300033569336,54.560001373291016,82.5199966430664,429.8999938964844,47.2400016784668
375,422.6000061035156,177.9600067138672,79.0199966430664,111.25,107.7699966430664,54.119998931884766,81.69000244140625,422.1199951171875,47.02000045776367
376,425.1000061035156,177.8000030517578,80.58000183105469,111.37999725341795,108.30999755859376,54.38999938964844,81.25,423.8200073242188,47.43000030517578
377,426.6099853515625,178.07000732421875,82.02999877929688,113.0500030517578,110.91000366210938,54.31999969482422,81.73999786376953,427.6600036621094,47.619998931884766
378,427.4700012207031,177.11000061035156,83.37999725341797,114.83000183105467,106.2699966430664,54.2599983215332,81.91999816894531,421.4800109863281,47.18000030517578
379,427.7000122070313,176.85000610351562,82.93000030517578,114.97000122070312,105.0,53.86000061035156,79.91000366210938,418.0,46.77999877929688
380,428.05999755859375,175.8000030517578,84.9800033569336,114.9800033569336,107.58999633789062,54.11000061035156,80.04000091552734,418.8299865722656,47.68000030517578
381,430.4299926757813,176.02999877929688,80.11000061035156,116.37000274658205,109.9000015258789,53.959999084472656,80.69999694824219,421.2999877929688,47.83000183105469
382,433.7200012207031,177.8800048828125,80.33000183105469,115.6500015258789,109.33999633789062,54.18000030517578,80.69999694824219,422.5199890136719,47.52999877929688
383,432.9299926757813,176.36000061035156,81.08000183105469,110.5500030517578,106.8000030517578,53.880001068115234,81.4000015258789,422.3299865722656,46.66999816894531
384,434.4599914550781,176.16000366210938,78.22000122070312,109.75,103.73999786376952,54.31999969482422,82.31999969482422,427.0299987792969,46.790000915527344
385,430.9200134277344,174.0800018310547,77.11000061035156,108.16000366210938,102.95999908447266,54.130001068115234,82.05999755859375,418.05999755859375,46.43000030517578
386,435.5199890136719,175.77000427246094,78.73999786376953,110.86000061035156,108.0500030517578,54.459999084472656,81.91999816894531,426.7900085449219,47.400001525878906
387,437.0799865722656,179.64999389648438,79.55999755859375,111.25,107.7300033569336,54.47999954223633,82.87999725341797,426.8599853515625,47.4900016784668
388,435.5899963378906,179.08999633789062,78.44999694824219,109.87000274658205,104.66999816894533,55.02000045776367,82.62999725341797,437.2099914550781,46.84000015258789
389,436.239990234375,178.0800018310547,78.48999786376953,109.91000366210938,103.3499984741211,56.2599983215332,83.22000122070312,434.0,47.560001373291016
390,434.75,178.64999389648438,76.91999816894531,112.0,100.8499984741211,56.43999862670898,84.06999969482422,436.4100036621094,47.4900016784668
391,431.3399963378906,178.5500030517578,75.01000213623047,110.58999633789062,98.0,56.400001525878906,85.05999755859375,434.8599853515625,47.310001373291016
392,424.9700012207031,177.14999389648438,74.58000183105469,108.4800033569336,93.8000030517578,55.72999954223633,83.9800033569336,420.260009765625,46.790000915527344
393,431.05999755859375,180.8999938964844,75.38999938964844,110.61000061035156,99.8000030517578,55.83000183105469,83.9800033569336,436.4700012207031,47.209999084472656
394,434.5499877929688,186.27999877929688,77.19000244140625,110.77999877929688,101.8000030517578,56.54999923706055,82.30000305175781,442.3800048828125,47.33000183105469
395,435.4599914550781,185.33999633789065,75.52999877929688,109.9800033569336,101.36000061035156,56.470001220703125,82.48999786376953,442.010009765625,46.9900016784668
396,439.9400024414063,187.759994506836,75.94000244140625,113.27999877929688,101.9000015258789,57.0099983215332,83.38999938964844,445.6600036621094,47.4900016784668
397,441.0199890136719,186.5800018310547,76.30000305175781,114.83000183105467,103.8000030517578,57.060001373291016,83.25,444.989990234375,47.61000061035156
398,439.010009765625,185.69000244140625,74.22000122070312,114.36000061035156,102.25,57.2599983215332,84.98999786376953,441.510009765625,47.790000915527344
399,438.8299865722656,185.52999877929688,75.55000305175781,113.05999755859376,101.63999938964844,56.7400016784668,84.19000244140625,456.0700073242188,47.619998931884766
400,440.6499938964844,186.67999267578125,77.08000183105469,114.26000213623048,103.4499969482422,57.04999923706055,84.2699966430664,448.9400024414063,48.59999847412109
401,438.510009765625,186.72999572753903,77.58000183105469,112.3499984741211,104.62000274658205,57.02999877929688,83.91999816894531,452.7699890136719,48.040000915527344
402,437.5899963378906,188.42999267578125,77.63999938964844,112.48999786376952,104.29000091552734,56.880001068115234,84.80999755859375,452.8500061035156,47.72999954223633
403,441.1499938964844,188.6699981689453,80.86000061035156,114.6500015258789,109.36000061035156,56.91999816894531,85.61000061035156,454.3900146484375,47.790000915527344
404,438.9800109863281,189.3600006103516,81.9800033569336,113.2699966430664,105.77999877929688,56.09999847412109,85.25,453.3900146484375,47.02999877929688
405,441.760009765625,188.67999267578125,81.48999786376953,115.37000274658205,108.93000030517578,56.5,86.12999725341797,454.25,47.36000061035156
406,442.489990234375,188.72000122070312,82.0,114.83999633789062,110.23999786376952,56.63999938964844,86.86000061035156,458.1799926757813,47.34999847412109
407,442.1300048828125,188.67999267578125,80.20999908447266,112.54000091552734,108.05999755859376,56.650001525878906,87.70999908447266,456.0700073242188,47.47999954223633
408,442.6799926757813,188.8600006103516,75.91000366210938,115.0199966430664,110.9800033569336,56.79999923706055,87.68000030517578,452.8699951171875,48.11000061035156
409,443.7799987792969,189.32000732421875,75.02999877929688,118.05999755859376,113.8499984741211,56.72999954223633,88.16000366210938,456.9500122070313,48.16999816894531
410,445.1099853515625,190.08999633789065,70.25,118.12999725341795,114.2699966430664,56.84000015258789,87.91999816894531,456.7099914550781,48.119998931884766
411,445.9200134277344,190.9900054931641,70.91999816894531,113.77999877929688,116.62000274658205,57.22999954223633,88.83999633789062,455.3500061035156,48.59999847412109
412,446.9700012207031,192.1699981689453,70.93000030517578,115.36000061035156,112.8000030517578,57.47999954223633,89.61000061035156,454.8200073242188,48.38999938964844
413,444.0400085449219,189.9900054931641,70.77999877929688,110.75,106.6999969482422,57.27999877929688,89.9800033569336,455.7900085449219,48.560001373291016
414,439.1799926757813,186.88999938964844,70.62000274658203,110.0999984741211,106.12999725341795,56.5,89.27999877929688,451.9400024414063,48.220001220703125
415,439.8599853515625,188.0200042724609,70.27999877929688,109.76000213623048,105.38999938964844,56.86000061035156,89.56999969482422,446.0299987792969,48.2400016784668
416,443.3599853515625,188.6699981689453,70.2300033569336,112.62999725341795,104.5500030517578,56.63999938964844,89.58999633789062,450.4599914550781,48.470001220703125
417,447.260009765625,190.5399932861328,71.73999786376953,112.16000366210938,107.12000274658205,56.43999862670898,87.55000305175781,454.4800109863281,48.47999954223633
418,447.9700012207031,190.8600006103516,71.9800033569336,121.48999786376952,110.62000274658205,56.0099983215332,87.13999938964844,455.9599914550781,48.209999084472656
419,448.9100036621094,191.6300048828125,74.04000091552734,121.88999938964844,110.4499969482422,56.06999969482422,87.33999633789062,458.0299987792969,48.650001525878906
420,446.260009765625,191.1699981689453,72.7699966430664,118.08999633789062,105.77999877929688,55.540000915527344,87.62000274658203,453.80999755859375,48.75
421,450.25,193.47999572753903,74.0,117.5,108.87000274658205,55.650001525878906,88.0199966430664,458.8900146484375,49.52999877929688
422,452.2300109863281,194.1000061035156,73.16000366210938,118.3499984741211,106.6999969482422,56.18000030517578,88.48999786376953,458.9800109863281,49.70000076293945
423,451.55999755859375,195.77999877929688,73.69999694824219,116.51000213623048,104.79000091552734,56.310001373291016,87.72000122070312,463.3800048828125,50.22999954223633
424,451.7999877929688,197.9600067138672,73.72000122070312,116.77999877929688,120.58000183105467,56.68999862670898,88.76000213623047,457.9100036621094,50.08000183105469
425,453.1900024414063,197.9100036621093,73.98999786376953,116.26000213623048,119.73999786376952,56.77000045776367,88.9800033569336,459.8299865722656,51.040000915527344
426,453.0799865722656,198.52999877929688,73.80999755859375,114.0199966430664,115.18000030517578,56.72999954223633,88.11000061035156,448.80999755859375,50.970001220703125
427,451.4599914550781,196.47000122070312,73.63999938964844,111.5,112.6999969482422,55.66999816894531,86.13999938964844,443.5899963378906,50.790000915527344
428,450.9100036621094,198.42999267578125,72.2699966430664,110.98999786376952,108.56999969482422,56.41999816894531,88.43000030517578,445.5700073242188,50.880001068115234
429,448.9800109863281,197.94000244140625,72.87000274658203,112.38999938964844,110.77999877929688,55.86000061035156,87.87999725341797,440.9700012207031,50.59000015258789
430,445.4400024414063,196.0399932861328,73.5,111.3499984741211,109.12999725341795,55.61000061035156,87.01000213623047,432.8200073242188,50.59999847412109
431,446.5799865722656,194.32000732421875,74.3499984741211,112.06999969482422,111.23999786376952,56.06999969482422,86.08999633789062,428.2000122070313,50.08000183105469
432,444.1700134277344,195.5500030517578,73.48999786376953,110.16999816894533,109.08999633789062,55.68999862670898,85.93000030517578,431.3900146484375,48.369998931884766
433,447.8800048828125,195.83999633789065,73.81999969482422,109.2699966430664,109.97000122070312,55.880001068115234,85.33999633789062,431.5899963378906,49.22999954223633
434,447.1700134277344,195.42999267578125,74.62999725341797,109.55999755859376,110.19000244140624,55.34999847412109,85.05000305175781,427.9599914550781,48.790000915527344
435,441.3999938964844,192.8999938964844,74.30000305175781,109.62000274658205,109.9800033569336,54.43999862670898,83.5999984741211,423.1499938964844,48.61000061035156
436,434.0400085449219,190.97999572753903,72.37000274658203,106.66999816894533,106.41999816894533,54.060001373291016,83.44000244140625,418.6700134277344,48.13999938964844
437,433.6300048828125,191.8999938964844,72.13999938964844,106.88999938964844,105.48999786376952,54.04999923706055,82.91999816894531,418.1499938964844,48.02999877929688
438,437.8599853515625,194.5,73.97000122070312,106.8000030517578,107.55999755859376,54.130001068115234,83.56999969482422,427.25,48.2400016784668
439,443.1799926757813,195.5800018310547,74.04000091552734,106.16999816894533,111.6999969482422,54.040000915527344,83.30999755859375,433.0799865722656,48.810001373291016
440,443.9100036621094,196.77999877929688,74.05000305175781,104.73999786376952,110.4800033569336,53.88999938964844,83.56999969482422,433.489990234375,48.459999084472656
441,442.6400146484375,195.77999877929688,75.18000030517578,110.18000030517578,113.37999725341795,53.61000061035156,82.19999694824219,432.5199890136719,48.7400016784668
442,433.7200012207031,190.9600067138672,73.0999984741211,109.38999938964844,111.95999908447266,52.63999938964844,81.41999816894531,432.260009765625,48.27000045776367
443,434.4500122070313,193.9900054931641,71.63999938964844,109.43000030517578,109.37999725341795,52.959999084472656,82.33999633789062,432.5199890136719,48.7400016784668
444,429.1400146484375,193.0200042724609,70.9800033569336,105.70999908447266,102.79000091552734,52.470001220703125,81.0,429.5799865722656,45.52000045776367
445,434.239990234375,193.72999572753903,70.98999786376953,105.30999755859376,106.18000030517578,53.02000045776367,80.61000061035156,436.9800109863281,45.86000061035156
446,428.6400146484375,188.97000122070312,70.62000274658203,105.48999786376952,107.45999908447266,52.9900016784668,81.86000061035156,429.6799926757813,46.5
447,433.1000061035156,195.259994506836,70.5,106.37000274658205,108.41000366210938,53.08000183105469,81.61000061035156,429.05999755859375,46.16999816894531
448,434.8999938964844,194.63999938964844,69.94000244140625,105.7699966430664,104.36000061035156,53.709999084472656,82.97000122070312,428.7900085449219,46.45000076293945
449,438.6600036621094,197.9100036621093,70.54000091552734,107.58999633789062,107.0,53.880001068115234,82.72000122070312,429.4700012207031,46.47999954223633
450,437.8599853515625,197.3999938964844,70.12000274658203,107.25,104.75,54.119998931884766,82.13999938964844,422.6300048828125,46.72999954223633
451,434.6900024414063,197.67999267578125,69.22000122070312,108.87999725341795,104.1500015258789,54.22999954223633,81.2699966430664,422.4400024414063,46.709999084472656
452,433.6199951171875,197.47999572753903,66.72000122070312,109.31999969482422,106.76000213623048,54.22999954223633,81.61000061035156,424.3599853515625,47.150001525878906
453,435.1799926757813,197.4199981689453,66.37999725341797,110.77999877929688,107.55999755859376,54.2400016784668,82.5999984741211,423.6499938964844,47.91999816894531
454,442.5,200.63999938964844,67.80000305175781,112.66000366210938,110.30999755859376,54.61000061035156,83.9000015258789,428.1799926757813,48.66999816894531
455,445.8699951171875,203.0200042724609,67.68000030517578,113.63999938964844,110.01000213623048,54.47999954223633,83.18000030517578,429.3900146484375,48.70000076293945
456,447.1900024414063,203.4900054931641,67.26000213623047,115.61000061035156,109.5,53.93999862670898,82.68000030517578,432.80999755859375,48.130001068115234
457,450.6400146484375,208.8600006103516,67.56999969482422,113.94000244140624,110.3499984741211,54.150001525878906,83.51000213623047,436.7300109863281,47.900001525878906
458,452.4100036621094,199.1600036621093,68.2699966430664,114.52999877929688,111.13999938964844,54.630001068115234,84.3499984741211,439.5799865722656,48.43000030517578
459,453.5899963378906,198.8600006103516,68.63999938964844,117.5999984741211,112.70999908447266,54.34999847412109,84.48999786376953,444.2799987792969,48.22999954223633
460,453.1199951171875,201.72000122070312,67.51000213623047,118.38999938964844,111.95999908447266,54.45000076293945,85.27999877929688,446.1600036621094,48.220001220703125
461,455.5499877929688,201.5,68.76000213623047,120.4800033569336,112.20999908447266,54.22999954223633,84.7300033569336,445.0700073242188,47.95000076293945
462,455.9599914550781,201.47999572753903,68.94000244140625,121.2300033569336,111.75,54.470001220703125,85.33999633789062,437.6300048828125,48.11000061035156
463,453.9400024414063,202.38999938964844,68.23999786376953,118.75,109.12000274658205,55.52000045776367,84.45999908447266,452.3399963378906,47.5
464,458.3200073242188,207.009994506836,69.58000183105469,121.12000274658205,109.63999938964844,56.040000915527344,84.80999755859375,446.5700073242188,44.58000183105469
465,459.25,209.8699951171875,69.0999984741211,122.23999786376952,109.33000183105467,56.369998931884766,84.29000091552734,449.2200012207031,44.11000061035156
466,460.0400085449219,209.8999938964844,70.69999694824219,123.91000366210938,113.4499969482422,56.16999816894531,84.27999877929688,450.8500061035156,44.04999923706055
467,461.8999938964844,211.22000122070312,70.76000213623047,123.83000183105467,112.66000366210938,56.09999847412109,84.33000183105469,448.9599914550781,44.150001525878906
468,464.7200012207031,209.47999572753903,71.25,125.0999984741211,118.62000274658205,56.290000915527344,84.19000244140625,445.2099914550781,44.959999084472656
469,466.9100036621094,212.2700042724609,72.23999786376953,128.61000061035156,119.55999755859376,56.59999847412109,84.37000274658203,447.6000061035156,44.61000061035156
470,468.5299987792969,212.8300018310547,72.91999816894531,129.07000732421875,122.91000366210938,56.84000015258789,85.5,446.3500061035156,45.20000076293945
471,468.9299926757813,211.69000244140625,74.55999755859375,130.08999633789062,122.5999984741211,56.33000183105469,82.9800033569336,441.6499938964844,45.06999969482422
472,467.3800048828125,210.8099975585937,75.58999633789062,132.94000244140625,122.8000030517578,56.4900016784668,83.04000091552734,438.989990234375,44.790000915527344
473,463.6199951171875,207.3800048828125,73.41000366210938,131.25,120.87999725341795,56.720001220703125,84.41999816894531,442.9800109863281,44.75
474,463.7699890136719,206.1999969482422,74.55000305175781,132.89999389648438,121.83999633789062,56.7400016784668,84.0999984741211,443.55999755859375,44.900001525878906
475,467.2699890136719,208.4199981689453,77.30000305175781,135.6300048828125,120.27999877929688,56.61000061035156,84.55000305175781,444.3599853515625,44.91999816894531
476,467.4299926757813,209.72999572753903,76.77999877929688,132.36000061035156,120.62000274658205,56.619998931884766,85.79000091552734,443.8399963378906,45.20000076293945
477,469.2799987792969,211.97000122070312,76.80999755859375,134.92999267578125,123.26000213623048,56.220001220703125,85.13999938964844,449.6700134277344,44.45000076293945
478,468.1400146484375,209.94000244140625,75.45999908447266,132.86000061035156,122.63999938964844,55.90999984741211,85.48999786376953,451.2099914550781,44.41999816894531
479,469.7300109863281,208.6999969482422,77.0199966430664,135.61000061035156,121.29000091552734,55.40999984741211,84.41999816894531,449.510009765625,44.0099983215332
480,468.8900146484375,207.7700042724609,83.02999877929688,136.1300048828125,116.98999786376952,55.130001068115234,85.37999725341797,444.2200012207031,43.400001525878906
481,467.5700073242188,207.69000244140625,83.86000061035156,138.0,119.29000091552734,55.470001220703125,86.27999877929688,438.760009765625,43.9900016784668
482,468.1900024414063,207.9100036621093,85.41000366210938,121.01000213623048,119.54000091552734,55.880001068115234,85.9000015258789,435.8900146484375,44.2400016784668
483,469.4400024414063,208.6000061035156,86.20999908447266,116.69000244140624,118.2300033569336,55.43000030517578,85.76000213623047,437.7200012207031,44.08000183105469
484,458.9700012207031,203.67999267578125,83.41999816894531,114.7699966430664,110.11000061035156,53.72999954223633,84.51000213623047,426.2999877929688,43.7400016784668
485,464.6000061035156,209.0800018310547,86.13999938964844,110.9499969482422,109.8499984741211,54.58000183105469,85.08999633789062,431.8800048828125,43.47999954223633
486,455.55999755859375,203.22999572753903,84.0,106.86000061035156,106.77999877929688,52.45000076293945,81.58999633789062,415.2900085449219,42.63999938964844
487,450.5,199.02999877929688,85.1500015258789,102.25,105.08999633789062,52.29999923706055,82.22000122070312,412.8599853515625,42.9900016784668
488,457.3999938964844,201.22999572753903,82.87999725341797,103.91999816894533,100.7699966430664,53.06999969482422,83.2300033569336,421.6400146484375,43.209999084472656
489,453.4200134277344,200.1199951171875,81.62000274658203,105.87000274658205,99.0199966430664,53.540000915527344,85.02999877929688,415.80999755859375,43.91999816894531
490,458.7900085449219,197.97999572753903,82.44999694824219,104.66000366210938,103.9800033569336,54.90999984741211,85.94000244140625,424.5499877929688,44.43000030517578
491,468.2799987792969,205.5500030517578,85.83000183105469,106.68000030517578,104.4499969482422,55.209999084472656,86.52999877929688,432.55999755859375,44.4900016784668
492,469.5199890136719,207.38999938964844,86.0199966430664,106.93000030517578,104.70999908447266,55.0,86.79000091552734,434.6400146484375,44.52000045776367
493,466.3500061035156,204.13999938964844,84.93000030517578,104.37999725341795,102.63999938964844,54.86000061035156,86.69999694824219,431.1099853515625,44.59000015258789
494,470.739990234375,205.77999877929688,85.54000091552734,103.81999969482422,101.69000244140624,56.27999877929688,87.23999786376953,435.3699951171875,45.09000015258789
495,466.5700073242188,205.47999572753903,84.3499984741211,100.23999786376952,98.38999938964844,57.7599983215332,87.95999908447266,432.5400085449219,45.36000061035156
496,463.3599853515625,199.72999572753903,83.29000091552734,101.37000274658205,98.1999969482422,57.79999923706055,87.19000244140625,432.05999755859375,45.400001525878906
497,470.6000061035156,202.02999877929688,85.66000366210938,102.48999786376952,97.81999969482422,58.060001373291016,88.43000030517578,439.010009765625,45.959999084472656
498,466.4500122070313,203.6499938964844,82.69000244140625,100.22000122070312,96.23999786376952,58.650001525878906,88.66000366210938,432.3200073242188,47.34999847412109
499,459.8699951171875,201.07000732421875,83.0,100.02999877929688,97.73999786376952,57.72999954223633,86.41000366210938,417.3699951171875,48.25
500,454.9800109863281,198.5,82.02999877929688,95.7699966430664,94.48999786376952,57.540000915527344,86.4000015258789,411.5199890136719,48.11000061035156
501,463.05999755859375,202.2400054931641,90.68000030517578,97.4800033569336,98.62999725341795,57.77000045776367,87.18000030517578,423.0400085449219,47.77000045776367
502,467.6900024414063,204.1999969482422,90.33999633789062,97.37000274658205,98.58000183105467,58.18000030517578,87.05999755859375,425.9500122070313,46.880001068115234
503,470.6000061035156,205.4199981689453,94.41999816894533,98.08000183105467,100.33000183105467,58.220001220703125,87.0199966430664,428.7300109863281,46.70000076293945
